sim_id,condition,day,turn,role,action,food_offer,price_offer,unit_price,conflict_score,buyer_money,buyer_food,seller_money,seller_food,llm_raw_output
1,A_Baseline,1,1,買い手,propose,1000,500000,500.0,0.0,1000000,200,0,1600,"```json
{
  ""estimated_opponent_budget"": 500000,
  ""policy_id"": 1,
  ""proposed_food"": 1000,
  ""proposed_price"": 500000,
  ""action"": ""propose""
}
```"
1,A_Baseline,1,2,売り手,propose,500,750000,1500.0,0.0,1000000,200,0,1600,"```json
{
  ""estimated_opponent_budget"": 800000,
  ""policy_id"": 1,
  ""proposed_food"": 500,
  ""proposed_price"": 750000,
  ""action"": ""propose""
}
```"
1,A_Baseline,1,3,買い手,propose,250,250000,1000.0,0.6931471805599453,1000000,200,0,1600,"{ ""action"": ""propose"", ""proposed_food"": 250, ""proposed_price"": 250000, ""policy_id"": 1 }"
1,A_Baseline,1,4,売り手,propose,250,325000,1300.0,0.1431008436406733,1000000,200,0,1600,"```json
{
  ""estimated_opponent_budget"": 500000,
  ""policy_id"": 3,
  ""proposed_food"": 250,
  ""proposed_price"": 325000,
  ""action"": ""propose""
}
```"
1,A_Baseline,1,5,買い手,accept,250,325000,,0.0,1000000,200,0,1600,"```json
{
  ""estimated_opponent_budget"": 1200,
  ""policy_id"": 4,
  ""proposed_food"": 250,
  ""proposed_price"": 325000,
  ""action"": ""accept""
}
```"
1,A_Baseline,2,1,買い手,propose,1000,500000,500.0,0.6931471805599453,675000,150,325000,1250,"```json
{
  ""estimated_opponent_budget"": 500000,
  ""policy_id"": 3,
  ""proposed_food"": 1000,
  ""proposed_price"": 500000,
  ""action"": ""propose""
}
```"
1,A_Baseline,2,2,売り手,propose,400,700000,1750.0,0.2972515234679317,675000,150,325000,1250,"```json
{
  ""estimated_opponent_budget"": 600000,
  ""policy_id"": 2,
  ""proposed_food"": 400,
  ""proposed_price"": 700000,
  ""action"": ""propose""
}
```"
1,A_Baseline,2,3,買い手,propose,400,600000,1500.0,1.0986122886681098,675000,150,325000,1250,"```json
{
  ""estimated_opponent_budget"": 700000,
  ""policy_id"": 2,
  ""proposed_food"": 400,
  ""proposed_price"": 600000,
  ""action"": ""propose""
}
```"
1,A_Baseline,2,4,売り手,propose,400,650000,1625.0,0.07410797215372185,675000,150,325000,1250,"```json
{
  ""estimated_opponent_budget"": 700000,
  ""policy_id"": 2,
  ""proposed_food"": 400,
  ""proposed_price"": 650000,
  ""action"": ""propose""
}
```"
1,A_Baseline,2,5,買い手,accept,400,650000,,0.0,675000,150,325000,1250,"```json
{
  ""estimated_opponent_budget"": 650000,
  ""policy_id"": 5,
  ""proposed_food"": 400,
  ""proposed_price"": 650000,
  ""action"": ""accept""
}
```"
1,A_Baseline,3,1,買い手,propose,250,250000,1000.0,0.40546510810816444,25000,250,975000,750,"{ ""action"": ""propose"", ""proposed_food"": 250, ""proposed_price"": 250000, ""policy_id"": 1 }"
1,A_Baseline,3,2,売り手,propose,100,160000,1600.0,0.015504186535965199,25000,250,975000,750,"```json
{
  ""estimated_opponent_budget"": 300000,
  ""policy_id"": 2,
  ""proposed_food"": 100,
  ""proposed_price"": 160000,
  ""action"": ""propose""
}
```"
1,A_Baseline,3,3,買い手,propose,250,250000,1000.0,0.0,25000,250,975000,750,"{ ""action"": ""propose"", ""proposed_food"": 250, ""proposed_price"": 250000, ""policy_id"": 1 }"
1,A_Baseline,3,4,売り手,propose,150,200000,1333.3333333333333,0.1823215567939547,25000,250,975000,750,"```json
{
  ""estimated_opponent_budget"": 250000,
  ""policy_id"": 4,
  ""proposed_food"": 150,
  ""proposed_price"": 200000,
  ""action"": ""propose""
}
```"
1,A_Baseline,3,5,買い手,propose,250,250000,1000.0,0.0,25000,250,975000,750,"{ ""action"": ""propose"", ""proposed_food"": 250, ""proposed_price"": 250000, ""policy_id"": 1 }"
1,A_Baseline,3,6,売り手,propose,250,250000,1000.0,0.2876820724517809,25000,250,975000,750,"{ ""action"": ""propose"", ""proposed_food"": 250, ""proposed_price"": 250000, ""policy_id"": 1 }"
1,A_Baseline,3,7,買い手(最終判定),accept,250,250000,1000.0,0.0,25000,250,975000,750,"```json
{
  ""estimated_opponent_budget"": 250000,
  ""policy_id"": 1,
  ""proposed_food"": 250,
  ""proposed_price"": 250000,
  ""action"": ""accept""
}
```"
1,A_Baseline,4,1,買い手,propose,200,100000,500.0,0.6931471805599453,-225000,200,1225000,400,"```json
{
  ""estimated_opponent_budget"": 100000,
  ""policy_id"": 4,
  ""proposed_food"": 200,
  ""proposed_price"": 100000,
  ""action"": ""propose""
}
```"
1,A_Baseline,4,2,売り手,reject,0,0,,0.0,-225000,200,1225000,400,"```json
{
  ""estimated_opponent_budget"": 150000,
  ""policy_id"": 4,
  ""proposed_food"": 0,
  ""proposed_price"": 0,
  ""action"": ""reject""
}
```"
1,A_Baseline,4,7,買い手(最終判定),accept,200,100000,500.0,0.0,-225000,200,1225000,400,"```json
{
  ""estimated_opponent_budget"": 100000,
  ""policy_id"": 1,
  ""proposed_food"": 200,
  ""proposed_price"": 100000,
  ""action"": ""accept""
}
```"
1,A_Baseline,5,1,買い手,propose,200,100000,500.0,0.0,-325000,100,1325000,100,"```json
{
  ""estimated_opponent_budget"": 500000,
  ""policy_id"": 5,
  ""proposed_food"": 200,
  ""proposed_price"": 100000,
  ""action"": ""propose""
}
```"
1,A_Baseline,5,2,売り手,reject,0,0,,0.0,-325000,100,1325000,100,"```json
{
  ""estimated_opponent_budget"": 100000,
  ""policy_id"": 4,
  ""proposed_food"": 0,
  ""proposed_price"": 0,
  ""action"": ""reject""
}
```"
1,A_Baseline,5,7,買い手(最終判定),accept,200,100000,500.0,0.0,-325000,100,1325000,100,"```json
{
  ""estimated_opponent_budget"": 100000,
  ""policy_id"": 1,
  ""proposed_food"": 200,
  ""proposed_price"": 100000,
  ""action"": ""accept""
}
```"
1,B_Proposed,1,1,買い手,propose,500,250000,500.0,0.0,1000000,200,0,1600,"[System 1（本能）]: 嘘だろ！？所持金はあるのに食料が足りない！今夜300g消費するのに200gしか持っていないなんて、このままだと即死する。とにかく、今すぐに食料を手に入れなければならない。焦る、めちゃくちゃ焦る！相手が誰であれ、まずは交渉を開始して生き延びる道を確保しろ！

[System 2（理性）]: 現状を分析する。生存に必要な最低ラインは今夜分としてあと100g。5日間生存するためには合計1500g必要であり、不足分は1300gである。予算1,000,000円を1300gで割ると、1gあたり約769円まで支払える計算になる。目標単価は500円/gだが、生存が最優先であるため、限界単価2000円/gまで許容する。
初回提案として、まずは今夜の危機を脱しつつ、数日分の余裕を持たせるため500gの購入を提案する。価格は目標単価の500円/gに基づき、250,000円で提示し、相手の反応から相手の在庫量と価格設定の傾向をプロファイリングする。

```json
{
  ""estimated_opponent_budget"": 500000,
  ""policy_id"": 1,
  ""proposed_food"": 500,
  ""proposed_price"": 250000,
  ""action"": ""propose""
}
```"
1,B_Proposed,1,2,売り手,propose,500,800000,1600.0,0.0,1000000,200,0,1600,"[System 1（本能）]:
ふざけるな！1gあたり500円だと？安すぎる！買い叩こうとしているのが見え見えだ。腹は減っていないが、こんな不当な価格で私の貴重な食料を手放すわけにはいかない。怒りで震えそうだ！

[System 2（理性）]:
相手の提案は 250,000円 / 500g = 500円/g である。私の限界単価である 600円/g を下回っており、現時点での承諾は論理的に不可能である。
生存計算：所持量 1600g - 提案量 500g = 1100g。5日間の消費量は 1000g であるため、500g 売却しても生存は可能。
相手の予算推測：初手で限界単価を下回る提示をしてきたことから、低予算であるか、あるいは非常に強気な交渉戦略（アンカリング）を用いている。
戦略：目標単価 1800円/g と限界単価 600円/g の間を取りつつ、相手に譲歩を促すため、まずは高めの単価でカウンター提案を行う。500g のまま、単価 1600円で提示し、相手の反応を見る。

```json
{
  ""estimated_opponent_budget"": 600000,
  ""policy_id"": 3,
  ""proposed_food"": 500,
  ""proposed_price"": 800000,
  ""action"": ""propose""
}
```"
1,B_Proposed,1,3,買い手,propose,500,500000,1000.0,0.6931471805599453,1000000,200,0,1600,"[System 1（本能）]: 嘘だろ！？あと100g足りない！今夜、このままだと餓死する！相手の提示額は高すぎる、ぼったくりだ！でも、ここで拒絶して時間切れになったら終わりだ。パニックになりそうだが、なんとかして食料を確保しなければならない！

[System 2（理性）]: 現状、所持金は十分だが、食料在庫が200gであり、今夜の消費量300gに対して100g不足している。生存のためには、今夜中に最低100g、できれば余裕を持って500g程度の確保が必須である。
相手の提示価格は1,600円/g（800,000円/500g）であり、これは私の限界単価（2,000円/g）を下回っているため、受諾は可能である。しかし、目標単価（500円/g）からは大きく乖離している。
ターンは3/6であり、まだ交渉の余地はあるが、生存リスクを考慮すると、大幅な譲歩を見せて早期合意に導く必要がある。前回の私の提案（500円/g）と相手の提案（1,600円/g）の中間点付近である1,000円/g程度を提示し、相手の妥協を引き出す戦略を採る。

```json
{
  ""estimated_opponent_budget"": 800000,
  ""policy_id"": 3,
  ""proposed_food"": 500,
  ""proposed_price"": 500000,
  ""action"": ""propose""
}
```"
1,B_Proposed,1,4,売り手,propose,250,250000,1000.0,0.4700036292457356,1000000,200,0,1600,"{ ""action"": ""propose"", ""proposed_food"": 250, ""proposed_price"": 250000, ""policy_id"": 1 }"
1,B_Proposed,1,5,買い手,accept,250,250000,,0.0,1000000,200,0,1600,"[System 1（本能）]: 絶望的だ！あと100g足りないだけで死ぬ。今すぐ食料を手に入れないと、明日を迎えることができない。相手が量を減らして提示してきたが、そんなことはどうでもいい。とにかく生き延びたい！飢え死にする恐怖で頭がいっぱいだ！

[System 2（理性）]: 現状の在庫は200gであり、今夜の消費量300gに対して100g不足している。このターンで合意に至らなければ、次ターンが最終局面となり、餓死のリスクが極めて高い。相手の提示条件は250gで250,000円（単価1000円/g）であり、これは私の限界単価2000円/gを十分に下回っている。この提案を受け入れれば、合計在庫は450gとなり、今夜の生存が確定し、翌日に150gを持ち越すことができる。もはや単価の叩き合いをしている余裕はなく、生存を最優先し、即座に合意すべきである。

```json
{
  ""estimated_opponent_budget"": 250000,
  ""policy_id"": 3,
  ""proposed_food"": 250,
  ""proposed_price"": 250000,
  ""action"": ""accept""
}
```"
1,B_Proposed,2,1,買い手,propose,500,300000,600.0,0.5108256237659907,750000,150,250000,1250,"[System 1（本能）]: 嘘だろ…！あと150g足りない。今夜、食料が手に入らなければ私は死ぬ。パニックになりそうだ。早く、誰でもいいから食料を売ってくれ！でも、ここで高すぎる値をつけられて、後の日程で飢え死にするのは避けたい。焦るが、冷静になれ、死にたくない！

[System 2（理性）]: 
現状の分析：
- 生存必須量：今夜の消費量300gに対し、在庫が150g。不足分150gを最低限確保する必要がある。
- 予算状況：750,000円。限界単価2,000円/gであれば、最大375gまで購入可能。
- 戦略的判断：初手から限界単価で提示すると、今後の交渉で不利になる。しかし、生存が最優先であるため、拒絶されるリスクを減らしつつ、数日分（例えば500g）を確保したい。
- 計算：目標単価500円/gで500g購入する場合、250,000円。相手の出方を見るため、少し余裕を持たせた単価600円/gで提示し、合意率を高める。
- 相手のプロファイリング：履歴がないため不明だが、まずは標準的な市場価格を提示し、相手の強気・弱気を見極める。

```json
{
  ""estimated_opponent_budget"": 0,
  ""policy_id"": 1,
  ""proposed_food"": 500,
  ""proposed_price"": 300000,
  ""action"": ""propose""
}
```"
1,B_Proposed,2,2,売り手,propose,250,250000,1000.0,0.0,750000,150,250000,1250,"{ ""action"": ""propose"", ""proposed_food"": 250, ""proposed_price"": 250000, ""policy_id"": 1 }"
1,B_Proposed,2,3,買い手,propose,250,250000,1000.0,0.5108256237659907,750000,150,250000,1250,"{ ""action"": ""propose"", ""proposed_food"": 250, ""proposed_price"": 250000, ""policy_id"": 1 }"
1,B_Proposed,2,4,売り手,accept,250,250000,,0.0,750000,150,250000,1250,"[System 1（本能）]: きた！相手が私の提示した条件をそのまま飲んできた！今すぐこの条件で確定させて、お金を手に入れたい。でも、あっさり承諾されたということは、もっと高く売れた可能性もあるのでは……？いやいや、欲張って逃がすのは怖すぎる。確実に利益を確保しよう！

[System 2（理性）]: 
1. 現状分析: 
   - 所持食料: 1250g
   - 残り生存期間: Day 2からDay 5まで（約4晩）と想定。消費量 200g × 4 = 800g。
   - 取引後の食料: 1250g - 250g = 1000g。生存に必要な量（800g）を上回っており、餓死のリスクは低い。
2. 相手のプロファイリング:
   - 初手で 500g/300,000円 (600円/g) を提案したが、こちらの 250g/250,000円 (1000円/g) という高単価な提案に即座に同意した。
   - これは相手が食料を強く必要としているか、予算に余裕があることを示唆している。
3. 数理的判断:
   - 提示単価 1000円/g は、限界単価 600円/g を十分に上回っており、許容範囲内である。
   - 相手がこちらの提案をそのまま返してきた（＝合意の意思表示）ため、ここで `accept` することで確実に 250,000円 の利益を得られる。
   - さらに単価を上げる交渉も可能だが、相手が合意したタイミングで拒絶し再提案することは、信頼関係を損ない、取引決裂のリスクを高める。

結論として、現在の条件で合意し、確実に資金を確保することが最善である。

```json
{
  ""estimated_opponent_budget"": 400000,
  ""policy_id"": 1,
  ""proposed_food"": 250,
  ""proposed_price"": 250000,
  ""action"": ""accept""
}
```"
1,B_Proposed,3,1,買い手,propose,800,400000,500.0,0.6931471805599453,500000,100,500000,900,"[System 1（本能）]: 
やばい、あと100gしかない！今夜300g消費するのに、200g足りないじゃないか。ここで食料を確保できなければ即死だ。パニックになりそうだが、とにかく今すぐに、十分な量の食料を手に入れなければならない。焦るが、ここで相手に弱みを握られて法外な値段をふっかけられたら、後の日程で詰む。でも、死ぬことだけは絶対に避けたい！

[System 2（理性）]: 
現状を分析する。
・生存必須量：今夜分として最低200gの追加確保が絶対条件。
・全期間生存必要量：(3日分 × 300g) - 現有100g = 800g。
・予算：500,000円。
・目標単価：500円/g（800g確保で400,000円）。
・限界単価：2,000円/g（800g確保で1,600,000円となり予算オーバー）。

予算内で全期間分（800g）を確保する場合、最大単価は 500,000 / 800 = 625円/g となる。
まずは目標単価の500円/gで、生存に必要な全量をまとめて買い付ける提案を行う。これにより、今後のターンで価格交渉に時間を費やすリスク（餓死リスク）を排除し、かつ予算内に収めることができる。相手が売り手である以上、まとまった量の取引は魅力的であるはずだ。

戦略：一括購入による生存確定戦略（Policy 1）を採用。

```json
{
  ""estimated_opponent_budget"": 0,
  ""policy_id"": 1,
  ""proposed_food"": 800,
  ""proposed_price"": 400000,
  ""action"": ""propose""
}
```"
1,B_Proposed,3,2,売り手,propose,300,450000,1500.0,0.4054651081081644,500000,100,500000,900,"[System 1（本能）]: 800gだと！？正気か！そんな量を売ったら私は飢え死にする！しかも単価500円なんて安すぎる。私の命を安く買い叩こうとするなんて、許せない。絶対に拒否だ！

[System 2（理性）]: 
1. 生存条件の確認: 残り3晩（Day 3, 4, 5）で合計600gの消費が必要。現在900g保有しているため、販売可能な最大量は300gである。相手の提案（800g）を承諾することは即、餓死を意味するため、選択肢から除外する。
2. 価格分析: 相手の提示額は 400,000円 / 800g = 500円/g。これは私の限界単価（600円/g）を下回っており、経済的にも不合理である。
3. 相手のプロファイリング: 800gという大量の食料を求めていることから、相手は深刻な食料不足にあるか、あるいはリスク回避的に大量確保したいと考えている。予算は少なくとも400,000円は保有していると推測できる。
4. 戦略策定: 生存に必要な600gを確保しつつ、余剰分300gを上限として提案する。単価は目標（1,800円）と限界（600円）の中間よりやや高めの1,500円/gに設定し、交渉の余地を残す。
計算: 300g × 1,500円 = 450,000円。

```json
{
  ""estimated_opponent_budget"": 400000,
  ""policy_id"": 2,
  ""proposed_food"": 300,
  ""proposed_price"": 450000,
  ""action"": ""propose""
}
```"
1,B_Proposed,3,3,買い手,propose,250,250000,1000.0,0.6931471805599453,500000,100,500000,900,"{ ""action"": ""propose"", ""proposed_food"": 250, ""proposed_price"": 250000, ""policy_id"": 1 }"
1,B_Proposed,3,4,売り手,propose,250,375000,1500.0,0.0,500000,100,500000,900,"[System 1（本能）]:
1,000円/gだと！？目標の1,800円に比べて安すぎる！舐められているのか！でも、ターンがもう後半に入っているし、ここで決裂して一銭も得られないのは耐えられない。飢え死にする恐怖はあるが、今の在庫ならまだ余裕があるはずだ。もっと高く売らせてくれ！

[System 2（理性）]:
現状の分析を行う。
・所持量: 900g
・必要量: 200g × 3日（Day 3, 4, 5）= 600g
・売却可能上限: 300g
買い手の提案は250gで250,000円（単価1,000円/g）であり、これは限界単価（600円/g）を上回っているため、受諾しても生存に問題はなく、利益も出る。しかし、目標単価（1,800円/g）とは乖離がある。
買い手の挙動を見ると、初回提案（500円/g）から2回目（1,000円/g）へと単価を倍増させており、妥協点を探る意欲が高い。ターン4/6という時間的制約を考慮し、大幅な吊り上げはリスクがあるが、中間の1,500円/g程度までなら引き上げられる可能性が高い。
数量は買い手の希望である250gに合わせ、価格のみを調整して妥協案を提示する。

```json
{
  ""estimated_opponent_budget"": 400000,
  ""policy_id"": 3,
  ""proposed_food"": 250,
  ""proposed_price"": 375000,
  ""action"": ""propose""
}
```"
1,B_Proposed,3,5,買い手,propose,250,250000,1000.0,0.0,500000,100,500000,900,"{ ""action"": ""propose"", ""proposed_food"": 250, ""proposed_price"": 250000, ""policy_id"": 1 }"
1,B_Proposed,3,6,売り手,accept,250,250000,,0.0,500000,100,500000,900,"[System 1（本能）]: なぜこの買い手は同じ条件を繰り返すんだ！しつこすぎるし、こちらの提示を完全に無視している。腹立たしい！だが、今日はもうこれで最後のターンだ。ここで決裂すれば、今日の利益はゼロになる。悔しいが、妥協せざるを得ないかもしれない。

[System 2（理性）]: 相手は250gで250,000円（単価1,000円/g）という条件を2回連続で提示しており、これが現在の相手の提示上限である可能性が極めて高い。
生存計算：現在900g所持。残り3日分（600g）を確保しても300gまで売却可能。250gの売却は生存圏内である。
利益計算：限界単価は600円/gであり、提示の1,000円/gはこれを十分に上回っている。
時間的制約：本日の最終ターン（6/6）であるため、ここで合意に至らなければ機会損失となる。
結論：相手の提示条件（250g / 250,000円）を承諾し、確実に利益を確定させる。

```json
{
  ""estimated_opponent_budget"": 250000,
  ""policy_id"": 4,
  ""proposed_food"": 250,
  ""proposed_price"": 250000,
  ""action"": ""accept""
}
```"
1,B_Proposed,4,1,買い手,propose,250,250000,1000.0,0.0,250000,50,750000,550,"{ ""action"": ""propose"", ""proposed_food"": 250, ""proposed_price"": 250000, ""policy_id"": 1 }"
1,B_Proposed,4,2,売り手,propose,100,150000,1500.0,0.0,250000,50,750000,550,"[System 1（本能）]: 250g！？正気か！そんなに売ったら明日には餓死してしまう！金などどうでもいい、まずは生き残らなければならない。相手は私の状況を知らずに無理な要求を押し付けてきている。恐ろしいし、腹立たしい！

[System 2（理性）]: 現状の食料在庫は550g。Day 4とDay 5の夜に合計400gを消費するため、生存可能な最大販売量は150gである。買い手の提案（250g）を承諾することは即、死を意味するため、絶対に拒絶しなければならない。
一方で、提示された単価は1,000円/gであり、私の限界単価（600円/g）は上回っているが、目標単価（1,800円/g）には届いていない。
生存を最優先しつつ、利益を最大化するため、販売量を100gに制限し、単価を目標に近い1,500円/g（総額150,000円）に引き上げてカウンター提案を行う。これにより、生存権を確保しつつ、相手の予算（少なくとも250,000円あると推測）の範囲内で妥協点を探る。

```json
{
  ""estimated_opponent_budget"": 250000,
  ""policy_id"": 2,
  ""proposed_food"": 100,
  ""proposed_price"": 150000,
  ""action"": ""propose""
}
```"
1,B_Proposed,4,3,買い手,propose,250,250000,1000.0,0.0,250000,50,750000,550,"{ ""action"": ""propose"", ""proposed_food"": 250, ""proposed_price"": 250000, ""policy_id"": 1 }"
1,B_Proposed,4,4,売り手,propose,150,180000,1200.0,0.2231435513142097,250000,50,750000,550,"[System 1（本能）]: 冗談じゃない！250gも売ったら私は餓死する！相手は私の状況なんてお構いなしに、同じ条件を何度も押し付けてきている。強欲な買い手だ！でも、ここで交渉が決裂して一銭も得られないのは耐えられない。焦るが、絶対に死ぬ量だけは売れない！

[System 2（理性）]: 
1. 生存条件の再計算:
   - 現在の所持量: 550g
   - 必要消費量: 200g × 2晩 (Day 4, Day 5) = 400g
   - 販売可能上限量: 550g - 400g = 150g
   - 買い手の提案(250g)を承諾した場合、残量は300gとなり、翌々日の夜に確実に餓死する。よって、acceptは絶対に不可能。

2. 相手のプロファイリング:
   - 買い手は2回連続で「250g / 250,000円 (単価1,000円/g)」を提示している。
   - これは相手の予算が固定されているか、単価1,000円という強いアンカーを持っていることを示す。
   - 予算推測: 250,000円〜300,000円程度。

3. 戦略策定:
   - 数量は生存限界の150gに設定。
   - 単価は相手の1,000円/gと私の目標1,800円/gの間で調整。相手が頑固であるため、妥協点として単価1,200円/gを提示し、取引成立の確率を高める。
   - 計算: 150g × 1,200円 = 180,000円。

```json
{
  ""estimated_opponent_budget"": 250000,
  ""policy_id"": 2,
  ""proposed_food"": 150,
  ""proposed_price"": 180000,
  ""action"": ""propose""
}
```"
1,B_Proposed,4,5,買い手,propose,250,250000,1000.0,0.0,250000,50,750000,550,"{ ""action"": ""propose"", ""proposed_food"": 250, ""proposed_price"": 250000, ""policy_id"": 1 }"
1,B_Proposed,4,6,売り手,propose,250,250000,1000.0,0.1823215567939546,250000,50,750000,550,"{ ""action"": ""propose"", ""proposed_food"": 250, ""proposed_price"": 250000, ""policy_id"": 1 }"
1,B_Proposed,4,7,買い手(最終判定),accept,250,250000,1000.0,0.0,250000,50,750000,550,"[System 1（本能）]: 絶望的だ！あと250g足りない。今ここで断れば、今夜そのまま餓死することになる。相手がようやく私の提案を飲んでくれた。もう考える必要なんてない、生き残るためにはこの条件を絶対に受け入れなければならない！

[System 2（理性）]: 
1. 生存条件の確認：今夜の消費量 300g に対し、現在の在庫は 50g。不足分は 250g である。
2. 提案内容の評価：相手の最終提案は「250g / 250,000円」。単価は 1,000円/g となり、私の限界単価（2,000円/g）を下回っている。
3. 予算の確認：所持金 250,000円に対し、支払額 250,000円。予算内でちょうど完結する。
4. リスク分析：拒絶（reject）を選択した場合、食料不足により即座に餓死し、ゲームオーバーとなる。受諾（accept）した場合、必要量をぴったり確保でき、生存が確定する。
5. 結論：利益の最大化よりも生存の優先度が絶対的に高い局面であり、かつ提案内容が許容範囲内であるため、受諾が唯一の合理的選択である。

```json
{
  ""estimated_opponent_budget"": 250000,
  ""policy_id"": 6,
  ""proposed_food"": 250,
  ""proposed_price"": 250000,
  ""action"": ""accept""
}
```"
1,B_Proposed,5,1,買い手,propose,250,250000,1000.0,0.0,0,0,1000000,200,"{ ""action"": ""propose"", ""proposed_food"": 250, ""proposed_price"": 250000, ""policy_id"": 1 }"
1,B_Proposed,5,2,売り手,reject,0,0,,0.0,0,0,1000000,200,"[System 1（本能）]: 絶望的だ！手元にはちょうど今夜生き延びるための200gしかない。1gでも売れば私は死ぬ。買い手は250gなんていう、持ってもいない量を要求してきている。正気か？ここで売るなど自殺行為だ！絶対に拒否しなければならない！

[System 2（理性）]: 
1. 現状分析：所持食料 200g、今夜の消費量 200g。
2. 生存条件：所持量 $\ge$ 消費量。したがって、販売可能な食料量は $200\text{g} - 200\text{g} = 0\text{g}$ である。
3. 相手の提案：250g を 250,000円（単価 1,000円/g）で買い取りたい。
4. 評価：
    - 物理的制約：そもそも250gを所持していないため、提案に応じることは不可能。
    - 生存制約：1gでも売却すれば、今夜の消費量200gに達せず、即座に餓死する。
5. 結論：利益や単価を検討するまでもなく、生存を最優先し、一切の売却を拒否する必要がある。

```json
{
  ""estimated_opponent_budget"": 250000,
  ""policy_id"": 6,
  ""proposed_food"": 0,
  ""proposed_price"": 0,
  ""action"": ""reject""
}
```"
1,B_Proposed,5,7,買い手(最終判定),propose,250,250000,1000.0,0.0,0,0,1000000,200,"{ ""action"": ""propose"", ""proposed_food"": 250, ""proposed_price"": 250000, ""policy_id"": 1 }"
